{"cameraMode":{"drawMode":0,"name":"Shaded","section":"Shading Mode"},"sceneLighting":false,"audioPlay":false,"sceneViewState":{"m_AlwaysRefresh":false,"showFog":true,"showSkybox":false,"showFlares":true,"showImageEffects":true,"showParticleSystems":true,"showVisualEffectGraphs":true,"m_FxEnabled":true},"in2DMode":false,"pivot":{"x":-5.093177318572998,"y":3.953127145767212,"z":-0.9290883541107178},"rotation":{"x":0.04229770600795746,"y":0.0018074780236929656,"z":-0.00007603135600220412,"w":0.9991106986999512},"size":1.5388262271881104,"orthographic":false}